"","adm1","tested_u5","tested_ov5","tested_all","positive_u5","positive_ov5","positive_all","adm1_popn","inc_crude"
"1","West",44676,49762,94438,29722,37821,67543,1346288,50.1698002210523
"2","Plains",21754,22822,44576,14705,16376,31081,784765,39.6054869929214
"3","Central",42404,54087,96491,25631,44677,70308,1540682,45.6343359629047
"4","North Coast",39686,44610,84296,25343,34030,59373,1227520,48.3682546923879
"5","East",42845,45446,88291,29591,34012,63603,1328438,47.8780342025748
